id,category,publisher,title,asset,year,document_type,local_path,url,status,priority,sha256_12,notes
UNKNOWN_001,project_management,Unknown,stablecoin doc downloader fixed,Stablecoins,,download_script,stablecoin_doc_downloader_fixed.ps1,,download_script,low,87b108b70eeb,
UNKNOWN_002,project_management,Unknown,stablecoin reg centralbank downloader,Stablecoins,,download_script,stablecoin_reg_centralbank_downloader.ps1,,download_script,low,3db427d740e4,
USDC_001,issuer,Circle,Circle 2025 Annual Report 2026,USDC,2026,annual_report_or_sec_filing,stablecoin_research_docs/01_circle_usdc/Circle_2025_Annual_Report_2026.pdf,,downloaded,high,31d6d4454554,
USDC_002,issuer,Circle,Circle 2025 Form 10-K SEC,USDC,2025,annual_report_or_sec_filing,stablecoin_research_docs/01_circle_usdc/Circle_2025_Form_10-K_SEC.pdf,,downloaded,high,392100196112,
USDC_003,issuer,Circle,Circle MiCA USDC whitepaper,USDC,,whitepaper,stablecoin_research_docs/01_circle_usdc/Circle_MiCA_USDC_whitepaper.html,,html_saved,high,46ee4f652a9f,
USDC_004,issuer,Circle,Circle USDC Reserve Report Mar 2026,USDC,2026,reserve_report_or_attestation,stablecoin_research_docs/01_circle_usdc/Circle_USDC_Reserve_Report_Mar_2026.pdf,,downloaded,high,fa31123de5cb,
USDC_005,issuer,Circle,Circle USDC terms,USDC,,terms,stablecoin_research_docs/01_circle_usdc/Circle_USDC_terms.html,,html_saved,high,2a45f41db286,
USDC_006,issuer,Circle,Circle transparency page,USDC,,html_page,stablecoin_research_docs/01_circle_usdc/Circle_transparency_page.html,,html_saved,high,b7ac195dccb3,
MICA_001,law,EBA / ESAs,EBA ESAs Crypto Assets Factsheet MiCA 2025,Stablecoins,2025,law_regulatory_document,stablecoin_research_docs/02_laws_and_regulation/eu_mica/EBA_ESAs_Crypto_Assets_Factsheet_MiCA_2025.pdf,,downloaded,high,6283c2fd1abb,
MICA_002,law,EBA / ESAs,EBA Final Report ITS ART EMT Reporting MiCAR 2024,Stablecoins,2024,law_regulatory_document,stablecoin_research_docs/02_laws_and_regulation/eu_mica/EBA_Final_Report_ITS_ART_EMT_Reporting_MiCAR_2024.pdf,,downloaded,high,454a32bf4a4f,
MICA_003,law,EBA / ESAs,EBA Opinion PSD2 MiCA Interplay 2025,Stablecoins,2025,law_regulatory_document,stablecoin_research_docs/02_laws_and_regulation/eu_mica/EBA_Opinion_PSD2_MiCA_Interplay_2025.pdf,,downloaded,high,e05e4afba470,
MICA_004,law,European Union / EUR-Lex,Regulation (EU) 2023/1114 MiCA official text,Stablecoins,2023,law_regulatory_document,stablecoin_deficiency_sources_package/deficiency_downloads/laws/MiCA_Regulation_EU_2023_1114_official.pdf,https://eur-lex.europa.eu/eli/reg/2023/1114/oj,downloaded,high,491a2f0014d5,Official PDF archived from deficiency package; direct EUR-Lex HTML/PDF endpoint also produced AWS WAF challenge HTML.
BOE_001,law,Bank of England,BoE FPC Record December 2025,Stablecoins,2025,law_regulatory_document,stablecoin_research_docs/02_laws_and_regulation/uk_boe/BoE_FPC_Record_December_2025.pdf,,downloaded,high,284e90b5e681,
BOE_002,law,Bank of England,BoE Financial Stability Report December 2025,Stablecoins,2025,law_regulatory_document,stablecoin_research_docs/02_laws_and_regulation/uk_boe/BoE_Financial_Stability_Report_December_2025.pdf,,downloaded,high,592ccb8c80e2,
CLARITY_001,law,US Congress,US CLARITY Act HR3633 reported bill 2025,Stablecoins,2025,law_regulatory_document,stablecoin_research_docs/02_laws_and_regulation/us_clarity_act/US_CLARITY_Act_HR3633_reported_bill_2025.pdf,,downloaded,high,0da36f1c2f53,
CLARITY_002,law,US Congress,US CLARITY Act House Report 119-168 part1,Stablecoins,,law_regulatory_document,stablecoin_research_docs/02_laws_and_regulation/us_clarity_act/US_CLARITY_Act_House_Report_119-168_part1.pdf,,downloaded,high,4b7a704e2286,
GENIUS_001,law,US Treasury / Federal Register,FR GENIUS PPSI AML CFT 2026-06963,Stablecoins,2026,law_regulatory_document,stablecoin_research_docs/02_laws_and_regulation/us_genius_act/FR_GENIUS_PPSI_AML_CFT_2026-06963.pdf,,downloaded,high,b7f7301b90be,
GENIUS_002,law,US Treasury / Federal Register,FR GENIUS PPSI BSA 2026-07033,Stablecoins,2026,law_regulatory_document,stablecoin_research_docs/02_laws_and_regulation/us_genius_act/FR_GENIUS_PPSI_BSA_2026-07033.pdf,,downloaded,high,d63962ede1ad,
GENIUS_003,law,US Treasury / Federal Register,FinCEN GENIUS PPSI AML CFT Fact Sheet 2026,Stablecoins,2026,law_regulatory_document,stablecoin_research_docs/02_laws_and_regulation/us_genius_act/FinCEN_GENIUS_PPSI_AML_CFT_Fact_Sheet_2026.pdf,,downloaded,high,ac7f32c4cf86,
GENIUS_004,law,OCC,OCC GENIUS Act NPRM 2026,Stablecoins,2026,law_regulatory_document,stablecoin_research_docs/02_laws_and_regulation/us_genius_act/OCC_GENIUS_Act_NPRM_2026.pdf,,downloaded,high,fa066f178e58,
GENIUS_005,law,US Treasury / Federal Register,Treasury GENIUS State Level Regime Principles 2026,Stablecoins,2026,law_regulatory_document,stablecoin_research_docs/02_laws_and_regulation/us_genius_act/Treasury_GENIUS_State_Level_Regime_Principles_2026.pdf,,downloaded,high,9121e5af098d,
GENIUS_006,law,GovInfo / US Congress,US GENIUS Act Public Law 119-27 govinfo,Stablecoins,,law_regulatory_document,stablecoin_research_docs/02_laws_and_regulation/us_genius_act/US_GENIUS_Act_Public_Law_119-27_govinfo.pdf,,downloaded,high,8a70ae79b477,
NYDFS_001,law,NYDFS,Guidance on the Issuance of U.S. Dollar-Backed Stablecoins,Stablecoins,2022,industry_guidance,stablecoin_deficiency_sources_package/deficiency_downloads/laws/NYDFS_Guidance_USD_backed_stablecoins_2022.html,https://www.dfs.ny.gov/industry_guidance/industry_letters/il20220608_issuance_stablecoins,html_saved,high,310ab6580b03,Local HTML archived 2026-05-14; replaces prior URL-only status.
USDT_001,issuer,Tether,Tether Relevant Information Document 2026,USDT,2026,research_paper,stablecoin_research_docs/02_tether_usdt/Tether_Relevant_Information_Document_2026.pdf,,downloaded,high,a0957af1cab1,
USDT_002,issuer,Tether,Tether USDT Reserve Report Q1 2026,USDT,2026,reserve_report_or_attestation,stablecoin_research_docs/02_tether_usdt/Tether_USDT_Reserve_Report_Q1_2026.pdf,,downloaded,high,21643a118a8f,
USDT_003,issuer,Tether,Tether USDT whitepaper,USDT,,whitepaper,stablecoin_research_docs/02_tether_usdt/Tether_USDT_whitepaper.pdf,,downloaded,high,db4451f11eda,
USDT_004,issuer,Tether,Tether transparency reports page,USDT,,html_page,stablecoin_research_docs/02_tether_usdt/Tether_transparency_reports_page.html,,html_saved,high,fe39cecad253,
USDT_005,issuer,Tether,Tether whitepaper landing page,USDT,,whitepaper,stablecoin_research_docs/02_tether_usdt/Tether_whitepaper_landing_page.html,,html_saved,high,e59c30b7725a,
USDT_006,issuer,Tether,Tether Q1 2026 profit and reserve buffer news release,USDT,2026,issuer_news_release,stablecoin_deficiency_sources_package/deficiency_downloads/issuer_terms/Tether_Q1_2026_issuer_release.html,https://tether.io/news/tether-posts-1-04b-q1-2026-profit-despite-highly-volatile-global-markets-reaches-all-time-highs-8-23b-reserve-buffer-and-maintains-u-s-treasury-heavy-backing/,html_saved,medium,894ba4bc84a6,Official issuer news release archived locally; use reserve report where exact assurance scope is needed.
BIS_001,central_bank,BIS / CPMI,BIS AER 2025 Chapter 3 Next Generation Monetary System,Stablecoins,2025,research_paper,stablecoin_research_docs/03_central_bank_and_academic/bis/BIS_AER_2025_Chapter_3_Next_Generation_Monetary_System.pdf,,downloaded,high,62e6fa7b196d,
BIS_002,central_bank,BIS / CPMI,BIS Papers 170 Stablecoins International Monetary System 2026,Stablecoins,2026,research_paper,stablecoin_research_docs/03_central_bank_and_academic/bis/BIS_Papers_170_Stablecoins_International_Monetary_System_2026.pdf,,downloaded,high,afecb037c60d,
BIS_003,central_bank,BIS / CPMI,BIS Working Paper 1270 Stablecoins and Safe Asset Prices,Stablecoins,,research_paper,stablecoin_research_docs/03_central_bank_and_academic/bis/BIS_Working_Paper_1270_Stablecoins_and_Safe_Asset_Prices.pdf,,downloaded,high,500108d460df,
ECB_001,central_bank,ECB,ECB Financial Stability Review Nov 2025,Stablecoins,2025,research_paper,stablecoin_research_docs/03_central_bank_and_academic/ecb/ECB_Financial_Stability_Review_Nov_2025.pdf,,downloaded,high,ef1d06d8d864,
ECB_002,central_bank,ECB,ECB Stablecoins and Monetary Sovereignty 2025,Stablecoins,2025,research_paper,stablecoin_research_docs/03_central_bank_and_academic/ecb/ECB_Stablecoins_and_Monetary_Sovereignty_2025.pdf,,downloaded,high,b10df8402ea5,
ECB_003,central_bank,ECB,ECB WP 3174 Private Money Public Debt US Stablecoins,Stablecoins,,research_paper,stablecoin_research_docs/03_central_bank_and_academic/ecb/ECB_WP_3174_Private_Money_Public_Debt_US_Stablecoins.pdf,,downloaded,high,082b8646313d,
ECB_004,central_bank,ECB,ECB WP 3199 Stablecoins and Monetary Policy Transmission,Stablecoins,,research_paper,stablecoin_research_docs/03_central_bank_and_academic/ecb/ECB_WP_3199_Stablecoins_and_Monetary_Policy_Transmission.pdf,,downloaded,high,a1a991eb6c6c,
FSB_001,central_bank,FSB,FSB Global Stablecoin Recommendations 2023,Stablecoins,2023,research_paper,stablecoin_research_docs/03_central_bank_and_academic/fsb/FSB_Global_Stablecoin_Recommendations_2023.pdf,,downloaded,high,0d625dec3408,
FSB_002,central_bank,FSB,FSB IOSCO Implementation Progress Report 2025,Stablecoins,2025,research_paper,stablecoin_research_docs/03_central_bank_and_academic/fsb/FSB_IOSCO_Implementation_Progress_Report_2025.pdf,,downloaded,high,73a071c61fea,
FSB_003,central_bank,FSB,FSB Thematic Review Crypto Stablecoin Framework 2025,Stablecoins,2025,research_paper,stablecoin_research_docs/03_central_bank_and_academic/fsb/FSB_Thematic_Review_Crypto_Stablecoin_Framework_2025.pdf,,downloaded,high,cc65facda337,
CBC_001,central_bank,Taiwan CBC,CBC Board Meeting Stablecoin Related Issues 2025,Stablecoins,2025,research_paper,stablecoin_research_docs/03_central_bank_and_academic/taiwan_cbc/CBC_Board_Meeting_Stablecoin_Related_Issues_2025.pdf,,downloaded,high,72e0583141d0,
CBC_002,central_bank,Taiwan CBC,CBC Deposit Tokens Stablecoins CBDC Role 2025,Stablecoins,2025,research_paper,stablecoin_research_docs/03_central_bank_and_academic/taiwan_cbc/CBC_Deposit_Tokens_Stablecoins_CBDC_Role_2025.pdf,,downloaded,high,c652ef9647de,
CBC_003,central_bank,Taiwan CBC,CBC Monetary Attributes Credit Creation Risks Stablecoins,Stablecoins,,research_paper,stablecoin_research_docs/03_central_bank_and_academic/taiwan_cbc/CBC_Monetary_Attributes_Credit_Creation_Risks_Stablecoins.pdf,,downloaded,high,de3a6938edff,
CBC_004,central_bank,Taiwan CBC,CBC USD Stablecoins and NTD Stablecoins 2025,Stablecoins,2025,research_paper,stablecoin_research_docs/03_central_bank_and_academic/taiwan_cbc/CBC_USD_Stablecoins_and_NTD_Stablecoins_2025.pdf,,downloaded,high,df499c885133,
PYUSD_001,issuer,Paxos,PYUSD product page,PYUSD,,html_page,stablecoin_research_docs/03_paxos_pyusd_usdp_usdg/PYUSD_product_page.html,,html_saved,high,1f7de72d4780,
PYUSD_002,issuer,Paxos,PYUSD transparency reports page,PYUSD,,html_page,stablecoin_research_docs/03_paxos_pyusd_usdp_usdg/PYUSD_transparency_reports_page.html,,html_saved,high,26d30a769ef7,
PYUSD_003,issuer,PayPal,PayPal PYUSD 70 markets news release 2026,PYUSD,2026,research_paper,stablecoin_research_docs/03_paxos_pyusd_usdp_usdg/PayPal_PYUSD_70_markets_news_release_2026.pdf,,downloaded,high,45e2fbb46d33,
PYUSD_004,issuer,PayPal,PayPal crypto terms and conditions,PYUSD,,terms,stablecoin_research_docs/03_paxos_pyusd_usdp_usdg/PayPal_crypto_terms_and_conditions.html,,html_saved,high,adc1dbe77a81,
USDG_003,issuer,Paxos,USDG EU whitepaper,USDG,,whitepaper,stablecoin_research_docs/03_paxos_pyusd_usdp_usdg/USDG_EU_whitepaper.html,,html_saved,high,8dc88ffc866d,
USDG_001,issuer,Paxos,USDG about page,USDG,,html_page,stablecoin_research_docs/03_paxos_pyusd_usdp_usdg/USDG_about_page.html,,html_saved,high,cbcc74f534b8,
USDG_002,issuer,Paxos,USDG transparency reports page,USDG,,html_page,stablecoin_research_docs/03_paxos_pyusd_usdp_usdg/USDG_transparency_reports_page.html,,html_saved,high,69f44db0384e,
USDG_004,issuer,Paxos,USDG whitepaper 2024,USDG,2024,whitepaper,stablecoin_research_docs/03_paxos_pyusd_usdp_usdg/USDG_whitepaper_2024.pdf,,downloaded,high,3bc70a07f2cb,
USDP_001,issuer,Paxos,USDP product page,USDP,,html_page,stablecoin_research_docs/03_paxos_pyusd_usdp_usdg/USDP_product_page.html,,html_saved,high,c54496992e27,
USDP_002,issuer,Paxos,USDP transparency reports page,USDP,,html_page,stablecoin_research_docs/03_paxos_pyusd_usdp_usdg/USDP_transparency_reports_page.html,,html_saved,high,711e7f015b59,
BIS_004,payment_settlement,BIS / CPMI,BIS CPMI Correspondent Banking 2016,Stablecoins,2016,research_paper,stablecoin_research_docs/04_payment_and_settlement/swift_correspondent_banking/BIS_CPMI_Correspondent_Banking_2016.pdf,,downloaded,high,46c442660e50,
BIS_005,payment_settlement,BIS / CPMI,BIS CPMI Cross Border Retail Payments 2018,Stablecoins,2018,research_paper,stablecoin_research_docs/04_payment_and_settlement/swift_correspondent_banking/BIS_CPMI_Cross_Border_Retail_Payments_2018.pdf,,downloaded,high,fff22b745e84,
RLUSD_001,issuer,Ripple / Standard Custody & Trust,RLUSD Attestation Report Mar 2026,RLUSD,2026,reserve_report_or_attestation,stablecoin_research_docs/04_ripple_rlusd/RLUSD_Attestation_Report_Mar_2026.pdf,,downloaded,high,8f7ab1f97f2b,
RLUSD_002,issuer,Ripple / Standard Custody & Trust,RLUSD product page,RLUSD,,html_page,stablecoin_research_docs/04_ripple_rlusd/RLUSD_product_page.html,,html_saved,high,8f08859f6b65,
RLUSD_003,issuer,Ripple / Standard Custody & Trust,RLUSD transparency page,RLUSD,,html_page,stablecoin_research_docs/04_ripple_rlusd/RLUSD_transparency_page.html,,html_saved,high,5b8161f3d654,
FDUSD_001,issuer,First Digital / FD121 (BVI) Limited,FDUSD ISAE3000 Attestation Report Mar 2026,FDUSD,2026,reserve_report_or_attestation,stablecoin_research_docs/05_first_digital_fdusd/FDUSD_ISAE3000_Attestation_Report_Mar_2026.pdf,,downloaded,high,b40ebebcae03,
FDUSD_002,issuer,First Digital / FD121 (BVI) Limited,FDUSD Reserve Accounts Report Mar 2026,FDUSD,2026,reserve_report_or_attestation,stablecoin_research_docs/05_first_digital_fdusd/FDUSD_Reserve_Accounts_Report_Mar_2026.pdf,,downloaded,high,bbc1e88b316d,
GUSD_001,issuer,Gemini,GUSD Reserves Report Feb 2026,GUSD,2026,reserve_report_or_attestation,stablecoin_research_docs/06_gemini_gusd/GUSD_Reserves_Report_Feb_2026.pdf,,downloaded,high,4578ab4133fd,
GUSD_002,issuer,Gemini,GUSD Reserves Report Jan 2026,GUSD,2026,reserve_report_or_attestation,stablecoin_research_docs/06_gemini_gusd/GUSD_Reserves_Report_Jan_2026.pdf,,downloaded,high,96ccd731059a,
GUSD_003,issuer,Gemini,GUSD product page,GUSD,,html_page,stablecoin_research_docs/06_gemini_gusd/GUSD_product_page.html,,html_saved,high,323a42b9cd88,
GUSD_004,issuer,Gemini,GUSD whitepaper,GUSD,,whitepaper,stablecoin_research_docs/06_gemini_gusd/GUSD_whitepaper.pdf,,downloaded,high,ca7cd35bc302,
GUSD_005,issuer,Gemini,geminispacestationinc x2026,GUSD,2026,annual_report_or_sec_filing,stablecoin_research_docs/06_gemini_gusd/geminispacestationinc_x2026.pdf,,downloaded,high,6932ba577fe1,
DAI_USDS_001,issuer,MakerDAO / Sky,DAI original whitepaper 2017,DAI/USDS,2017,whitepaper,stablecoin_research_docs/07_maker_sky_dai_usds/DAI_original_whitepaper_2017.pdf,,downloaded,high,5a719e556065,
DAI_USDS_002,issuer,MakerDAO / Sky,MakerDAO Multi Collateral DAI whitepaper 2020,DAI/USDS,2020,whitepaper,stablecoin_research_docs/07_maker_sky_dai_usds/MakerDAO_Multi_Collateral_DAI_whitepaper_2020.pdf,,downloaded,high,2d3c4286bb57,
DAI_USDS_003,issuer,MakerDAO / Sky,Sky Protocol technical whitepaper 2025,DAI/USDS,2025,whitepaper,stablecoin_research_docs/07_maker_sky_dai_usds/Sky_Protocol_technical_whitepaper_2025.pdf,,downloaded,high,8e4d0f413b09,
DAI_USDS_004,issuer,MakerDAO / Sky,Sky money product page,DAI/USDS,,html_page,stablecoin_research_docs/07_maker_sky_dai_usds/Sky_money_product_page.html,,html_saved,high,1773284cee4e,
USDE_001,issuer,Ethena,Ethena LlamaRisk PoR page,USDe,,html_page,stablecoin_research_docs/08_ethena_usde/Ethena_LlamaRisk_PoR_page.html,,html_saved,high,28a0359ef0ce,
USDE_002,issuer,Ethena,Ethena audits,USDe,,html_page,stablecoin_research_docs/08_ethena_usde/Ethena_audits.html,,html_saved,high,da784ee1cb93,
USDE_003,issuer,Ethena,Ethena docs home,USDe,,html_page,stablecoin_research_docs/08_ethena_usde/Ethena_docs_home.html,,html_saved,high,899fb2ed4df5,
USDE_004,issuer,Ethena,How USDe works,USDe,,html_page,stablecoin_research_docs/08_ethena_usde/How_USDe_works.html,,html_saved,high,c6f844cf19bc,
USDE_005,issuer,Ethena,USDe custodian attestations page,USDe,,reserve_report_or_attestation,stablecoin_research_docs/08_ethena_usde/USDe_custodian_attestations_page.html,,html_saved,high,a3a7c0fcedd1,
USDE_006,issuer,Ethena,USDe overview,USDe,,html_page,stablecoin_research_docs/08_ethena_usde/USDe_overview.html,,html_saved,high,ebc76886cc90,
USDE_007,issuer,Ethena,USDe reserve fund,USDe,,reserve_report_or_attestation,stablecoin_research_docs/08_ethena_usde/USDe_reserve_fund.html,,html_saved,high,f91327245d02,
UNKNOWN_003,archive_reference,Unknown,BUSD transparency reports page,Stablecoins,,html_page,stablecoin_research_docs/09_archive_deprecated_or_reference/BUSD_transparency_reports_page.html,,html_saved,low,3b2c33ce8ab9,
USDPT_001,issuer,Western Union,WU 2025 annual report 2026 proxy,USDPT / UDSPT,2026,annual_report_or_sec_filing,stablecoin_usdpt_research/01_western_union_usdpt/WU_2025_annual_report_2026_proxy.pdf,,downloaded,high,4be8c0ab988d,
USDPT_002,issuer,Western Union,WU investor day 2025,USDPT / UDSPT,2025,research_paper,stablecoin_usdpt_research/01_western_union_usdpt/WU_investor_day_2025.pdf,,downloaded,high,342a876f39b6,
USDPT_003,issuer,Anchorage Digital Bank,Anchorage OCC GENIUS Act comment letter 2026,USDPT / UDSPT,2026,law_regulatory_document,stablecoin_usdpt_research/02_anchorage_issuer/Anchorage_OCC_GENIUS_Act_comment_letter_2026.pdf,,downloaded,high,f7eaaf9ee96f,
USDPT_004,law,OCC,OCC GENIUS Act NPRM 2026,USDPT / UDSPT,2026,law_regulatory_document,stablecoin_usdpt_research/02_anchorage_issuer/OCC_GENIUS_Act_NPRM_2026.pdf,,downloaded,high,fa066f178e58,duplicate of stablecoin_research_docs/02_laws_and_regulation/us_genius_act/OCC_GENIUS_Act_NPRM_2026.pdf
BIS_004_DUP,payment_settlement,BIS / CPMI,BIS CPMI correspondent banking 2016,Cross-border payments,2016,research_paper,stablecoin_usdpt_research/03_swift_correspondent_banking/BIS_CPMI_correspondent_banking_2016.pdf,,downloaded,high,46c442660e50,duplicate of stablecoin_research_docs/04_payment_and_settlement/swift_correspondent_banking/BIS_CPMI_Correspondent_Banking_2016.pdf
BIS_005_DUP,payment_settlement,BIS / CPMI,BIS CPMI cross border retail payments 2018,Cross-border payments,2018,research_paper,stablecoin_usdpt_research/03_swift_correspondent_banking/BIS_CPMI_cross_border_retail_payments_2018.pdf,,downloaded,high,fff22b745e84,duplicate of stablecoin_research_docs/04_payment_and_settlement/swift_correspondent_banking/BIS_CPMI_Cross_Border_Retail_Payments_2018.pdf
FEDWIRE_001,payment_settlement,Federal Reserve / Fedwire,Fedwire Funds PFMI Disclosure,Fedwire,,research_paper,stablecoin_usdpt_research/03_swift_correspondent_banking/Fedwire_Funds_PFMI_Disclosure.pdf,,downloaded,high,8db8ac18685c,
WB_RPW_001,payment_settlement,World Bank,WorldBank RPW Q3 2025 report annex,Remittance,2025,research_paper,stablecoin_usdpt_research/04_remittance_cost_data/WorldBank_RPW_Q3_2025_report_annex.pdf,,downloaded,high,a41fd59a81db,
BOE_003,law,Bank of England,Regulatory regime for systemic payment systems using stablecoins discussion paper,Stablecoins,2023,law_regulatory_document,stablecoin_deficiency_sources_package/deficiency_downloads/laws/BoE_systemic_stablecoins_discussion_paper_2023.pdf,https://www.bankofengland.co.uk/-/media/boe/files/paper/2023/regulatory-regime-for-systemic-payment-systems-using-stablecoins-discussion-paper.pdf,downloaded,medium,dba9557d8880,Deficiency package PDF.
BOE_004,law,Bank of England,Proposed regulatory regime for sterling-denominated systemic stablecoins consultation,Stablecoins,2025,law_regulatory_document,stablecoin_deficiency_sources_package/deficiency_downloads/laws/BoE_Systemic_Stablecoin_Consultation_2025.html,https://www.bankofengland.co.uk/paper/2025/cp/proposed-regulatory-regime-for-sterling-denominated-systemic-stablecoins,html_saved,medium,d883a7450130,Official consultation HTML archived 2026-05-14.
ESMA_001,law,ESMA,ESMA Markets in Crypto-Assets Regulation MiCA overview,Stablecoins,2026,law_regulatory_document,stablecoin_deficiency_sources_package/deficiency_downloads/laws/ESMA_MiCA_overview.html,https://www.esma.europa.eu/esmas-activities/digital-finance-and-innovation/markets-crypto-assets-regulation-mica,html_saved,medium,400b8cfb59bc,Official ESMA MiCA overview archived 2026-05-14.
ESMA_002,law,ESMA,Supervisory briefing on authorisation of CASPs,Stablecoins,2025,law_regulatory_document,stablecoin_deficiency_sources_package/deficiency_downloads/laws/ESMA_CASP_Authorisation_Supervisory_Briefing_2025.pdf,https://www.esma.europa.eu/sites/default/files/2025-01/ESMA75-453128700-1263_Supervisory_Briefing_on_Authorisation_of_CASPs.pdf,downloaded,medium,27d83c31b2e5,Copied into deficiency_downloads/laws from manually supplied PDF.
ESMA_003,law,ESMA,Guidelines on transfer services for crypto-assets under MiCA,Stablecoins,2025,law_regulatory_document,stablecoin_deficiency_sources_package/deficiency_downloads/laws/ESMA_MiCA_Transfer_Services_Guidelines_2025.pdf,https://www.esma.europa.eu/sites/default/files/2025-02/ESMA35-1872330276-2032_Guidelines_on_transfer_services_for_crypto-assets_under_MiCA.pdf,downloaded,medium,dd6ab0d81d9f,Copied into deficiency_downloads/laws from deficiency package root.
ESMA_004,law,Joint ESAs,Joint ESAs Factsheet on crypto-assets,Stablecoins,2025,law_regulatory_document,stablecoin_deficiency_sources_package/deficiency_downloads/laws/Joint_ESAs_Crypto_Assets_Factsheet_2025.pdf,https://www.esma.europa.eu/sites/default/files/2025-10/Joint_ESAs_Factsheet_on_crypto-assets.pdf,downloaded,low,90e6978a5741,Consumer-facing MiCA overview.
FED_001,central_bank,Federal Reserve,IFDP 1334 Stablecoins: Growth Potential and Impact on Banking,Stablecoins,2022,research_paper,stablecoin_deficiency_sources_package/deficiency_downloads/central_bank/Fed_IFDP_1334_Stablecoins_Growth_Potential_Impact_on_Banking_2022.pdf,https://www.federalreserve.gov/econres/ifdp/files/ifdp1334.pdf,downloaded,high,b36ad9183210,Deficiency package PDF.
FED_002,central_bank,Federal Reserve,Stablecoins in 2025: Developments and Financial Stability Implications,Stablecoins,2026,research_paper,stablecoin_deficiency_sources_package/deficiency_downloads/central_bank/Fed_Stablecoins_in_2025_2026.html,https://www.federalreserve.gov/econres/notes/feds-notes/stablecoins-in-2025-developments-and-financial-stability-implications-20260408.html,html_saved,high,14a91c80d322,Federal Reserve FEDS Note archived 2026-05-14.
FED_003,central_bank,Federal Reserve,Stablecoins in 2025 accessible figures and data appendix,Stablecoins,2026,data_appendix,stablecoin_deficiency_sources_package/deficiency_downloads/central_bank/Fed_Stablecoins_in_2025_accessible_2026.html,https://www.federalreserve.gov/econres/notes/feds-notes/stablecoins-in-2025-developments-and-financial-stability-implications-accessible-20260408.htm,html_saved,medium,41d96eab324c,Accessible figure/table companion archived 2026-05-14.
FED_004,central_bank,Federal Reserve,Banks in the Age of Stablecoins: Implications for Deposits Credit and Intermediation,Stablecoins,2025,research_paper,stablecoin_deficiency_sources_package/deficiency_downloads/central_bank/Fed_Banks_in_Age_of_Stablecoins_Implications_2025.html,https://www.federalreserve.gov/econres/notes/feds-notes/banks-in-the-age-of-stablecoins-implications-for-deposits-credit-and-financial-intermediation-20251217.html,html_saved,high,d5fbae607d7d,Federal Reserve FEDS Note archived 2026-05-14.
FED_005,central_bank,Federal Reserve,Banks in the Age of Stablecoins: Historical Lessons,Stablecoins,2026,research_paper,stablecoin_deficiency_sources_package/deficiency_downloads/central_bank/Fed_Banks_in_Age_of_Stablecoins_Lessons_2026.html,https://www.federalreserve.gov/econres/notes/feds-notes/banks-in-the-age-of-stablecoins-lessons-from-their-historical-responses-to-financial-innovations-20260501.html,html_saved,medium,02bc80c11269,Federal Reserve FEDS Note archived 2026-05-14.
IMF_001,central_bank,IMF,Making Stablecoins Stable,Stablecoins,2026,research_paper,stablecoin_deficiency_sources_package/deficiency_downloads/central_bank/IMF_Making_Stablecoins_Stable_WP_2026_074.pdf,https://www.imf.org/-/media/files/publications/wp/2026/english/wpiea2026074-source-pdf.pdf,downloaded,high,a73246bf9e9c,IMF working paper from deficiency package.
IMF_002,central_bank,IMF,Stablecoin Shocks,Stablecoins,2026,research_paper,stablecoin_deficiency_sources_package/deficiency_downloads/central_bank/IMF_Stablecoin_Shocks_WP_2026_044.pdf,https://www.imf.org/-/media/files/publications/wp/2026/english/wpiea2026044-source-pdf.pdf,downloaded,high,ebecf5ba0b14,IMF working paper from deficiency package.
IMF_003,central_bank,IMF,Stablecoins and the Future of Payments,Stablecoins,2026,research_paper,stablecoin_deficiency_sources_package/deficiency_downloads/central_bank/IMF_Stablecoins_and_the_Future_of_Payments_WP_2026_052.pdf,https://www.imf.org/-/media/files/publications/wp/2026/english/wpiea2026052-source-pdf.pdf,downloaded,high,35d3c917dbd9,IMF working paper from deficiency package.
IMF_004,central_bank,IMF,Understanding Stablecoins,Stablecoins,2025,research_paper,stablecoin_deficiency_sources_package/deficiency_downloads/central_bank/IMF_Understanding_Stablecoins_2025.pdf,https://www.imf.org/-/media/files/publications/dp/2025/english/usea.pdf,downloaded,high,06621b8c9624,IMF departmental paper from deficiency package.
VISA_001,market_data,Visa,Visa Onchain Analytics dashboard,Stablecoins,2026,dashboard_html,stablecoin_deficiency_sources_package/deficiency_downloads/market_data/visa_onchain_analytics_export_or_screenshots/index.html,https://visaonchainanalytics.com/,dynamic_html_saved,high,c675724be638,Dynamic dashboard shell archived; use screenshots/export for final quantitative claims.
VISA_002,market_data,Visa,Visa Onchain Analytics transactions page,Stablecoins,2026,dashboard_html,stablecoin_deficiency_sources_package/deficiency_downloads/market_data/visa_onchain_transactions_export_or_screenshots/index.html,https://visaonchainanalytics.com/transactions,dynamic_html_saved,high,d4151f830e71,Dynamic dashboard shell archived; use screenshots/export for final quantitative claims.
VISA_003,market_data,Visa,Stablecoins and the future of onchain finance,Stablecoins,2026,research_article,stablecoin_deficiency_sources_package/deficiency_downloads/market_data/Visa_Stablecoins_Future_of_Onchain_Finance.html,https://corporate.visa.com/en/solutions/crypto/stablecoins/stablecoins-and-the-future-of-onchain-finance.html,html_saved,medium,0546ea6e433d,Visa context article archived 2026-05-14.
DEFILLAMA_001,market_data,DeFiLlama,Stablecoins API includePrices,Stablecoins,2026,api_json,stablecoin_deficiency_sources_package/deficiency_downloads/market_data/defillama_stablecoins_includePrices.json,https://stablecoins.llama.fi/stablecoins?includePrices=true,api_saved,high,a609fc65f1e9,JSON API snapshot archived 2026-05-14.
DEFILLAMA_002,market_data,DeFiLlama,Stablecoin chains API,Stablecoins,2026,api_json,stablecoin_deficiency_sources_package/deficiency_downloads/market_data/defillama_stablecoinchains.json,https://stablecoins.llama.fi/stablecoinchains,api_saved,high,09d3b38a74c6,JSON API snapshot archived 2026-05-14.
DEFILLAMA_003,market_data,DeFiLlama,Stablecoins dashboard,Stablecoins,2026,dashboard_html,stablecoin_deficiency_sources_package/deficiency_downloads/market_data/defillama_stablecoins/index.html,https://defillama.com/stablecoins,dynamic_html_saved,medium,8b559ed0821f,Dashboard HTML archived by curl fallback; API JSON is stronger for data extraction.
DEFILLAMA_004,market_data,DeFiLlama,Stablecoins by chain dashboard,Stablecoins,2026,dashboard_html,stablecoin_deficiency_sources_package/deficiency_downloads/market_data/defillama_stablecoins_by_chain/index.html,https://defillama.com/stablecoins/chains,dynamic_html_saved,medium,a1d55d825dfb,Dashboard HTML archived by curl fallback; API JSON is stronger for data extraction.
CAMBRIDGE_001,market_data,Cambridge CCAF,Cambridge Digital Money Dashboard,Stablecoins,2026,dashboard_html,stablecoin_deficiency_sources_package/deficiency_downloads/market_data/cambridge_cdmd/index.html,https://ccaf.io/cdmd,dynamic_html_saved,medium,d945d53e7872,Dashboard shell archived; export/screenshots still needed for final numbers.
CAMBRIDGE_002,market_data,Cambridge CCAF,Cambridge Digital Money Dashboard about,Stablecoins,2026,methodology_html,stablecoin_deficiency_sources_package/deficiency_downloads/market_data/Cambridge_CDMD_about.html,https://ccaf.io/cdmd/about,html_saved,low,9b60ad03e03f,Methodology/about page archived 2026-05-14.
ARTEMIS_001,market_data,Artemis,Stablecoin Payments From The Ground Up 2025,Stablecoins,2025,research_report,stablecoin_deficiency_sources_package/deficiency_downloads/market_data/Artemis_Stablecoin_Payments_From_The_Ground_Up_2025.pdf,https://reports.artemisanalytics.com/stablecoins/artemis-stablecoin-payments-from-the-ground-up-2025.pdf,downloaded,medium,3a35a87e8433,Artemis report PDF from deficiency package.
ARTEMIS_002,market_data,Artemis,Artemis stablecoins terminal,Stablecoins,2026,dashboard_html,stablecoin_deficiency_sources_package/deficiency_downloads/market_data/artemis_stablecoins_terminal/index.html,https://app.artemis.xyz/stablecoins,dynamic_html_saved,medium,f41f90bee6a9,Dashboard shell archived by curl fallback; export/screenshots still needed for final numbers.
ARTEMIS_003,market_data,Artemis,Stablecoin metrics docs,Stablecoins,2026,methodology_html,stablecoin_deficiency_sources_package/deficiency_downloads/market_data/Artemis_Stablecoin_Metrics_Docs.html,https://app.artemis.xyz/docs/snowflake-share/stablecoins,html_saved,medium,820dc06d67d1,Docs HTML archived after redirect to classic Artemis.
MCKINSEY_ARTEMIS_001,market_data,McKinsey / Artemis,Stablecoins in payments: what the raw transaction numbers miss,Stablecoins,2026,research_article,,https://www.mckinsey.com/industries/financial-services/our-insights/stablecoins-in-payments-what-the-raw-transaction-numbers-miss,manual_needed,medium,,Command-line fetch timed out; browser/web view reachable but local archive still missing.
USDPT_005,issuer,Western Union,Western Union USDPT product page,USDPT / UDSPT,2026,product_page,stablecoin_deficiency_sources_package/deficiency_downloads/usdpt/Western_Union_USDPT_product_page.html,https://www.westernunion.com/global/en/digital-assets-stablecoin.html,html_saved,high,6dd40cddc401,Core product page archived 2026-05-14.
USDPT_006,issuer,Western Union,Western Union announces USDPT stablecoin on Solana and Digital Asset Network,USDPT / UDSPT,2025,issuer_news_release,stablecoin_deficiency_sources_package/deficiency_downloads/usdpt/Western_Union_USDPT_announcement_2025.html,https://ir.westernunion.com/news/archived-press-releases/press-release-details/2025/Western-Union-Announces-USDPT-Stablecoin-on-Solana-and-Digital-Asset-Network/default.aspx,html_saved,high,d922e6ca7d82,Official WU announcement archived by curl fallback.
USDPT_007,issuer,Western Union,Western Union launches USDPT on Solana,USDPT / UDSPT,2026,issuer_news_release,stablecoin_deficiency_sources_package/deficiency_downloads/usdpt/Western_Union_USDPT_launch_2026.html,https://ir.westernunion.com/news/archived-press-releases/press-release-details/2026/Western-Union-Launches-USDPT-on-Solana-Advancing-Regulated-Digital-Infrastructure-for-Global-Payments/default.aspx,html_saved,high,9107c38ef9d2,Official WU launch release archived by curl fallback.
USDPT_008,issuer,Anchorage Digital,Anchorage Digital comment letter page for GENIUS Act NPRM,USDPT / UDSPT,2026,issuer_news_release,stablecoin_deficiency_sources_package/deficiency_downloads/usdpt/Anchorage_GENIUS_comment_letter_USDPT_context.html,https://www.anchorage.com/insights/anchorage-digitals-comment-letter-on-occs-nprm-for-genius-act,html_saved,high,5cd61f2df1cd,Official Anchorage page archived; PDF letter already present as USDPT_003.
USDPT_009,issuer,Fireblocks / PRNewswire,Western Union selects Fireblocks to power USDPT,USDPT / UDSPT,2026,partner_news_release,stablecoin_deficiency_sources_package/deficiency_downloads/usdpt/Western_Union_Fireblocks_USDPT_PRNewswire_2026.html,https://www.prnewswire.com/news-releases/western-union-selects-fireblocks-to-power-its-first-stablecoin-usdpt-302760774.html,html_saved,medium,492f7ccedf4e,Secondary partnership evidence; do not treat as legal product terms.
USDC_007,issuer,Circle,Circle USDC risk factors,USDC,2026,risk_factors,stablecoin_deficiency_sources_package/deficiency_downloads/issuer_terms/Circle_USDC_Risk_Factors.html,https://www.circle.com/legal/usdc-risk-factors,html_saved,medium,5f5ab3746865,Risk-factor source for freeze/blacklisting and reserve-risk extraction.
USDT_007,issuer,Tether,Tether legal and token terms,USDT,2026,terms,stablecoin_deficiency_sources_package/deficiency_downloads/issuer_terms/Tether_Legal_Token_Terms.html,https://tether.to/en/legal/,html_saved,high,00ee09ec1bb0,"Terms source for redemption, restrictions, suspension and freezing powers."
PAXOS_001,issuer,Paxos,Paxos stablecoin terms and conditions,PYUSD / USDP / USDG,2026,terms,stablecoin_deficiency_sources_package/deficiency_downloads/issuer_terms/Paxos_Stablecoin_Terms_Conditions.html,https://www.paxos.com/terms-and-conditions/stablecoin-terms-conditions,html_saved,high,7bad04c4864a,Terms source for Paxos-issued stablecoin redemption and restrictions.
PAXOS_002,issuer,Paxos,Paxos EU redemptions,PYUSD / USDP / USDG,2026,redemption_page,stablecoin_deficiency_sources_package/deficiency_downloads/issuer_terms/Paxos_EU_Redemptions.html,https://www.paxos.com/eu-redemptions,html_saved,medium,516ebf6ee996,EU redemption workflow source.
PAXOS_003,issuer,Paxos,Paxos illegal activity terms,PYUSD / USDP / USDG,2026,terms,stablecoin_deficiency_sources_package/deficiency_downloads/issuer_terms/Paxos_Illegal_Activity_Terms.html,https://www.paxos.com/terms-and-conditions/illegal-activity,html_saved,high,5333a6118267,"Terms source for freezing, seizure and illegal-activity controls."
RLUSD_004,issuer,Ripple,RLUSD Stablecoin User Terms,RLUSD,2026,terms,stablecoin_deficiency_sources_package/deficiency_downloads/issuer_terms/Ripple_RLUSD_Stablecoin_User_Terms.html,https://ripple.com/legal/stablecoin/,html_saved,high,018b58360e8a,Terms source for RLUSD redemption and holder restrictions.
FDUSD_003,issuer,First Digital Labs,First Digital FDD terms,FDUSD,2026,terms,stablecoin_deficiency_sources_package/deficiency_downloads/issuer_terms/First_Digital_FDD_Terms.html,https://www.firstdigitallabs.com/legal/fdd-terms,html_saved,medium,37af375eecda,Terms source archived by curl fallback.
FDUSD_004,issuer,First Digital Labs,First Digital FD121 account user agreement,FDUSD,2026,terms,stablecoin_deficiency_sources_package/deficiency_downloads/issuer_terms/First_Digital_FD121_Account_User_Agreement.html,https://www.firstdigitallabs.com/legal/fd121-account-user-agreement,html_saved,medium,9bec30885252,Account agreement archived by curl fallback.
FDUSD_005,issuer,First Digital Labs,First Digital FDUSD product page,FDUSD,2026,product_page,stablecoin_deficiency_sources_package/deficiency_downloads/issuer_terms/First_Digital_FDUSD_Product_Page.html,https://www.firstdigitallabs.com/fdusd,html_saved,medium,cb618fa94f57,Product page archived by curl fallback.
GUSD_006,issuer,Gemini,Gemini Trust User Agreement,GUSD,2026,terms,stablecoin_deficiency_sources_package/deficiency_downloads/issuer_terms/Gemini_Trust_User_Agreement.html,https://www.gemini.com/legal/gemini-trust-user-agreement,html_saved,high,14b7425f893a,Terms source for Gemini customer rights and restrictions.
USDE_008,issuer,Ethena,Ethena USDe Terms and Conditions,USDe,2026,terms,stablecoin_deficiency_sources_package/deficiency_downloads/issuer_terms/Ethena_USDe_Terms_and_Conditions.html,https://docs.ethena.fi/resources/usde-terms-and-conditions,html_saved,high,fcefaf278d72,Terms source for Mint User redemption and restrictions.
USDE_009,issuer,Ethena,Ethena USDe overview latest archive,USDe,2026,html_page,stablecoin_deficiency_sources_package/deficiency_downloads/issuer_terms/Ethena_USDe_Overview.html,https://docs.ethena.fi/solution-overview/usde-overview,html_saved,medium,64b77f9a0a7e,Latest overview copy from deficiency fetch; overlaps with USDE_006.
